variable,categoria,n,pct_sobre_validos
Año,2021,28,11
Año,2010,27,10.6
Año,2012,25,9.8
Año,2009,23,9
Año,2019,20,7.8
Año,2014,16,6.3
Año,2020,16,6.3
Año,2018,14,5.5
Año,2022,14,5.5
Año,2011,13,5.1
Año,2013,11,4.3
Año,2015,11,4.3
Año,2016,11,4.3
Año,2017,11,4.3
Año,2023,11,4.3
Año,2024,4,1.6
Extrangera,no,219,85.9
Extrangera,si,36,14.1
Edad.materna,22,23,9
Edad.materna,29,16,6.3
Edad.materna,20,15,5.9
Edad.materna,24,15,5.9
Edad.materna,23,12,4.7
Edad.materna,27,12,4.7
Edad.materna,28,12,4.7
Edad.materna,16,11,4.3
Edad.materna,18,11,4.3
Edad.materna,19,11,4.3
Edad.materna,35,11,4.3
Edad.materna,21,10,3.9
Edad.materna,25,10,3.9
Edad.materna,26,10,3.9
Edad.materna,32,9,3.5
Edad.materna,30,7,2.7
Edad.materna,33,7,2.7
Edad.materna,34,7,2.7
Edad.materna,17,6,2.4
Edad.materna,31,6,2.4
Edad.materna,36,6,2.4
Edad.materna,37,6,2.4
Edad.materna,40,5,2
Edad.materna,41,5,2
Edad.materna,15,3,1.2
Edad.materna,38,3,1.2
Edad.materna,39,2,0.8
Edad.materna,42,1,0.4
Edad.materna,43,1,0.4
Edad.materna,44,1,0.4
Edad.materna,46,1,0.4
Edad.materna.CODIGO,2,135,52.9
Edad.materna.CODIGO,3,64,25.1
Edad.materna.CODIGO,1,42,16.5
Edad.materna.CODIGO,4,14,5.5
CATEGORIA.Edad.materna,20 A 29,135,52.9
CATEGORIA.Edad.materna,30 A 39,64,25.1
CATEGORIA.Edad.materna,MENOR DE 20,42,16.5
CATEGORIA.Edad.materna,40 O MAS,14,5.5
PAREJA.ESTABLE.CATEGORIA,SI,179,70.2
PAREJA.ESTABLE.CATEGORIA,NO,76,29.8
Estudios.CODIGO,2,158,62
Estudios.CODIGO,1,74,29
Estudios.CODIGO,3,15,5.9
Estudios.CODIGO,0,8,3.1
Etnia.CATEGORIA,mestiza,208,81.6
Etnia.CATEGORIA,negra,18,7.1
Etnia.CATEGORIA,indígena,13,5.1
Etnia.CATEGORIA,otra,12,4.7
Etnia.CATEGORIA,blanca,4,1.6
ETNIA.MINORITARIA,0,207,81.2
ETNIA.MINORITARIA,1,48,18.8
Alfabeta,1,242,94.9
Alfabeta,0,13,5.1
Numero.gestas.previas,1,61,23.9
Numero.gestas.previas,0,59,23.1
Numero.gestas.previas,2,54,21.2
Numero.gestas.previas,3,36,14.1
Numero.gestas.previas,4,20,7.8
Numero.gestas.previas,5,12,4.7
Numero.gestas.previas,6,4,1.6
Numero.gestas.previas,7,3,1.2
Numero.gestas.previas,8,3,1.2
Numero.gestas.previas,10,2,0.8
Numero.gestas.previas,9,1,0.4
GESTAS.PREVIAS.CATEGORIA,UNO A TRES,151,59.2
GESTAS.PREVIAS.CATEGORIA,NINGUNA,59,23.1
GESTAS.PREVIAS.CATEGORIA,4 O MAS,45,17.6
Gestas.previas.CODIGO,1,196,76.9
Gestas.previas.CODIGO,0,59,23.1
Abortos.previos..CATEGORIA,No,169,66.3
Abortos.previos..CATEGORIA,Si,86,33.7
Partos.previo.SI.NO,si,146,57.3
Partos.previo.SI.NO,no,109,42.7
CODIGO.PARTO.PREVIO,1,146,57.3
CODIGO.PARTO.PREVIO,0,109,42.7
Cesáreas.previas.CATEGORIA,No,147,75
Cesáreas.previas.CATEGORIA,Si,49,25
Preclampsia.personal,0,239,93.7
Preclampsia.personal,1,16,6.3
Hipertensión.personal,0,252,98.8
Hipertensión.personal,1,3,1.2
Eclampsia.personal,0,255,100
Embarazo.múltiple.CODIGO,0,248,97.3
Embarazo.múltiple.CODIGO,1,7,2.7
Embarazo.planeado,no,173,67.8
Embarazo.planeado,si,82,32.2
Embarazo.planeado.CODIGO,0,173,67.8
Embarazo.planeado.CODIGO,1,82,32.2
ANTICONCEPTIVO.CODIGO,0,196,76.9
ANTICONCEPTIVO.CODIGO,1,59,23.1
FOLATOS.CODIGO,1,197,77.3
FOLATOS.CODIGO,0,58,22.7
Hierro,1,202,87.1
Hierro,0,30,12.9
Alcohol.CODIGO,0,234,93.2
Alcohol.CODIGO,1,15,6
Alcohol.CODIGO,2,1,0.4
Alcohol.CODIGO,3,1,0.4
DROGAS,0,248,97.3
DROGAS,1,7,2.7
TABACO.ACTIVO,0,243,96.4
TABACO.ACTIVO,1,9,3.6
TABACO.PASIVO,0,220,87.3
TABACO.PASIVO,1,32,12.7
VIOLENCIA.CODIGO,0,208,97.7
VIOLENCIA.CODIGO,1,5,2.3
Hemorragia.1er..trim.,0,246,97.2
Hemorragia.1er..trim.,1,7,2.8
Hemorragia.2do..trim.,0,247,97.6
Hemorragia.2do..trim.,1,6,2.4
Hemorragia.3er..trim.,0,242,96.8
Hemorragia.3er..trim.,1,8,3.2
Número.Consultas.prenatales,6,41,16.3
Número.Consultas.prenatales,7,29,11.6
Número.Consultas.prenatales,3,28,11.2
Número.Consultas.prenatales,5,28,11.2
Número.Consultas.prenatales,8,26,10.4
Número.Consultas.prenatales,4,25,10
Número.Consultas.prenatales,9,20,8
Número.Consultas.prenatales,10,15,6
Número.Consultas.prenatales,0,11,4.4
Número.Consultas.prenatales,2,11,4.4
Número.Consultas.prenatales,12,7,2.8
Número.Consultas.prenatales,1,5,2
Número.Consultas.prenatales,11,2,0.8
Número.Consultas.prenatales,13,2,0.8
Número.Consultas.prenatales,15,1,0.4
Consultas.prenatales.CATEGORIA,5 A 7,98,39
Consultas.prenatales.CATEGORIA,8 O MAS,73,29.1
Consultas.prenatales.CATEGORIA,1 A 4,69,27.5
Consultas.prenatales.CATEGORIA,NINGUNA,11,4.4
TIPO.DE.PARTO,vaginal,150,58.8
TIPO.DE.PARTO,cesárea,105,41.2
Motivo.principal.de.induccion.o.cirugia,ITERATIVA,37,36.3
Motivo.principal.de.induccion.o.cirugia,COMPROMISO DEL BIENESTAR FETAL,14,13.7
Motivo.principal.de.induccion.o.cirugia,EMBARAZO MULTIPLE,7,6.9
Motivo.principal.de.induccion.o.cirugia,DESPRENDIMIENTO PLACENTARIO,6,5.9
Motivo.principal.de.induccion.o.cirugia,DESPROPORCION CEFALOPELVICA,6,5.9
Motivo.principal.de.induccion.o.cirugia,PREECLAMPSIA,6,5.9
Motivo.principal.de.induccion.o.cirugia,PELVIANO,5,4.9
Motivo.principal.de.induccion.o.cirugia,SIFILIS,4,3.9
Motivo.principal.de.induccion.o.cirugia,VIH POSITIVO,4,3.9
Motivo.principal.de.induccion.o.cirugia,MALFORMACION FETAL,3,2.9
Motivo.principal.de.induccion.o.cirugia,INDUCCION FALLIDA,2,2
Motivo.principal.de.induccion.o.cirugia,PATOLOGIA PLACENTARIA,2,2
Motivo.principal.de.induccion.o.cirugia,DISTOCIA DE LABOR,1,1
Motivo.principal.de.induccion.o.cirugia,DISTOCIA DE PRESENTACION,1,1
Motivo.principal.de.induccion.o.cirugia,MACROSOMIA FETAL,1,1
Motivo.principal.de.induccion.o.cirugia,MALFORMACIONES UTEROVAGINALES MATERNOS,1,1
Motivo.principal.de.induccion.o.cirugia,PATOLOGIA CERVIX,1,1
Motivo.principal.de.induccion.o.cirugia,RPM,1,1
Edad.gestaciol.RN,39,80,31.5
Edad.gestaciol.RN,37,46,18.1
Edad.gestaciol.RN,38,40,15.7
Edad.gestaciol.RN,40,39,15.4
Edad.gestaciol.RN,41,16,6.3
Edad.gestaciol.RN,36,13,5.1
Edad.gestaciol.RN,35,6,2.4
Edad.gestaciol.RN,33,5,2
Edad.gestaciol.RN,34,4,1.6
Edad.gestaciol.RN,32,2,0.8
Edad.gestaciol.RN,29,1,0.4
Edad.gestaciol.RN,30,1,0.4
Edad.gestaciol.RN,42,1,0.4
Edad.gestacional.CATEGORIA,2,221,87
Edad.gestacional.CATEGORIA,1,32,12.6
Edad.gestacional.CATEGORIA,3,1,0.4
PREMATURO.CODIGO,0,222,87.4
PREMATURO.CODIGO,1,32,12.6
A.TERMINO.CODIGO,1,221,87
A.TERMINO.CODIGO,0,33,13
POSTERMINO.CODIGO,0,253,99.6
POSTERMINO.CODIGO,1,1,0.4
Apgar.1er..Minuto,8,137,55
Apgar.1er..Minuto,9,56,22.5
Apgar.1er..Minuto,7,36,14.5
Apgar.1er..Minuto,6,9,3.6
Apgar.1er..Minuto,5,5,2
Apgar.1er..Minuto,1,2,0.8
Apgar.1er..Minuto,3,2,0.8
Apgar.1er..Minuto,4,2,0.8
Apgar.1.minuto..7.SI.NO,no,229,92
Apgar.1.minuto..7.SI.NO,si,20,8
CODIGO.Apgar.1.minuto..7,0,229,92
CODIGO.Apgar.1.minuto..7,1,20,8
Apgar.5to..Minuto,9,203,81.5
Apgar.5to..Minuto,8,27,10.8
Apgar.5to..Minuto,10,12,4.8
Apgar.5to..Minuto,7,5,2
Apgar.5to..Minuto,0,1,0.4
Apgar.5to..Minuto,5,1,0.4
Apgar.5to...7..SI.NO,no,247,99.2
Apgar.5to...7..SI.NO,si,2,0.8
CODIGO.Apgar.5to.,0,247,99.2
CODIGO.Apgar.5to.,1,2,0.8
Peso.al.nacer.GRAMOS,3280,6,2.4
Peso.al.nacer.GRAMOS,2730,4,1.6
Peso.al.nacer.GRAMOS,2900,4,1.6
Peso.al.nacer.GRAMOS,2800,3,1.2
Peso.al.nacer.GRAMOS,2905,3,1.2
Peso.al.nacer.GRAMOS,3000,3,1.2
Peso.al.nacer.GRAMOS,3120,3,1.2
Peso.al.nacer.GRAMOS,3130,3,1.2
Peso.al.nacer.GRAMOS,3150,3,1.2
Peso.al.nacer.GRAMOS,3400,3,1.2
Peso.al.nacer.GRAMOS,1290,2,0.8
Peso.al.nacer.GRAMOS,2310,2,0.8
Peso.al.nacer.GRAMOS,2395,2,0.8
Peso.al.nacer.GRAMOS,2520,2,0.8
Peso.al.nacer.GRAMOS,2535,2,0.8
Peso.al.nacer.GRAMOS,2590,2,0.8
Peso.al.nacer.GRAMOS,2615,2,0.8
Peso.al.nacer.GRAMOS,2620,2,0.8
Peso.al.nacer.GRAMOS,2680,2,0.8
Peso.al.nacer.GRAMOS,2760,2,0.8
Peso.al.nacer.GRAMOS,2780,2,0.8
Peso.al.nacer.GRAMOS,2880,2,0.8
Peso.al.nacer.GRAMOS,2920,2,0.8
Peso.al.nacer.GRAMOS,2940,2,0.8
Peso.al.nacer.GRAMOS,2950,2,0.8
Peso.al.nacer.GRAMOS,2960,2,0.8
Peso.al.nacer.GRAMOS,2975,2,0.8
Peso.al.nacer.GRAMOS,2990,2,0.8
Peso.al.nacer.GRAMOS,3014,2,0.8
Peso.al.nacer.GRAMOS,3104,2,0.8
Peso.al.nacer.GRAMOS,3110,2,0.8
Peso.al.nacer.GRAMOS,3170,2,0.8
Peso.al.nacer.GRAMOS,3206,2,0.8
Peso.al.nacer.GRAMOS,3230,2,0.8
Peso.al.nacer.GRAMOS,3300,2,0.8
Peso.al.nacer.GRAMOS,3332,2,0.8
Peso.al.nacer.GRAMOS,3350,2,0.8
Peso.al.nacer.GRAMOS,3370,2,0.8
Peso.al.nacer.GRAMOS,3380,2,0.8
Peso.al.nacer.GRAMOS,955,1,0.4
Peso.al.nacer.GRAMOS,1086,1,0.4
Peso.al.nacer.GRAMOS,1255,1,0.4
Peso.al.nacer.GRAMOS,1260,1,0.4
Peso.al.nacer.GRAMOS,1520,1,0.4
Peso.al.nacer.GRAMOS,1538,1,0.4
Peso.al.nacer.GRAMOS,1562,1,0.4
Peso.al.nacer.GRAMOS,1685,1,0.4
Peso.al.nacer.GRAMOS,1736,1,0.4
Peso.al.nacer.GRAMOS,1850,1,0.4
Peso.al.nacer.GRAMOS,1876,1,0.4
Peso.al.nacer.GRAMOS,1904,1,0.4
Peso.al.nacer.GRAMOS,1920,1,0.4
Peso.al.nacer.GRAMOS,1970,1,0.4
Peso.al.nacer.GRAMOS,1975,1,0.4
Peso.al.nacer.GRAMOS,2030,1,0.4
Peso.al.nacer.GRAMOS,2038,1,0.4
Peso.al.nacer.GRAMOS,2042,1,0.4
Peso.al.nacer.GRAMOS,2120,1,0.4
Peso.al.nacer.GRAMOS,2140,1,0.4
Peso.al.nacer.GRAMOS,2164,1,0.4
Peso.al.nacer.GRAMOS,2168,1,0.4
Peso.al.nacer.GRAMOS,2180,1,0.4
Peso.al.nacer.GRAMOS,2205,1,0.4
Peso.al.nacer.GRAMOS,2208,1,0.4
Peso.al.nacer.GRAMOS,2235,1,0.4
Peso.al.nacer.GRAMOS,2290,1,0.4
Peso.al.nacer.GRAMOS,2300,1,0.4
Peso.al.nacer.GRAMOS,2316,1,0.4
Peso.al.nacer.GRAMOS,2330,1,0.4
Peso.al.nacer.GRAMOS,2335,1,0.4
Peso.al.nacer.GRAMOS,2354,1,0.4
Peso.al.nacer.GRAMOS,2365,1,0.4
Peso.al.nacer.GRAMOS,2382,1,0.4
Peso.al.nacer.GRAMOS,2385,1,0.4
Peso.al.nacer.GRAMOS,2415,1,0.4
Peso.al.nacer.GRAMOS,2425,1,0.4
Peso.al.nacer.GRAMOS,2480,1,0.4
Peso.al.nacer.GRAMOS,2482,1,0.4
Peso.al.nacer.GRAMOS,2495,1,0.4
Peso.al.nacer.GRAMOS,2500,1,0.4
Peso.al.nacer.GRAMOS,2510,1,0.4
Peso.al.nacer.GRAMOS,2515,1,0.4
Peso.al.nacer.GRAMOS,2522,1,0.4
Peso.al.nacer.GRAMOS,2530,1,0.4
Peso.al.nacer.GRAMOS,2550,1,0.4
Peso.al.nacer.GRAMOS,2565,1,0.4
Peso.al.nacer.GRAMOS,2570,1,0.4
Peso.al.nacer.GRAMOS,2586,1,0.4
Peso.al.nacer.GRAMOS,2600,1,0.4
Peso.al.nacer.GRAMOS,2617,1,0.4
Peso.al.nacer.GRAMOS,2625,1,0.4
Peso.al.nacer.GRAMOS,2630,1,0.4
Peso.al.nacer.GRAMOS,2635,1,0.4
Peso.al.nacer.GRAMOS,2638,1,0.4
Peso.al.nacer.GRAMOS,2640,1,0.4
Peso.al.nacer.GRAMOS,2642,1,0.4
Peso.al.nacer.GRAMOS,2665,1,0.4
Peso.al.nacer.GRAMOS,2668,1,0.4
Peso.al.nacer.GRAMOS,2676,1,0.4
Peso.al.nacer.GRAMOS,2690,1,0.4
Peso.al.nacer.GRAMOS,2695,1,0.4
Peso.al.nacer.GRAMOS,2700,1,0.4
Peso.al.nacer.GRAMOS,2705,1,0.4
Peso.al.nacer.GRAMOS,2710,1,0.4
Peso.al.nacer.GRAMOS,2720,1,0.4
Peso.al.nacer.GRAMOS,2726,1,0.4
Peso.al.nacer.GRAMOS,2755,1,0.4
Peso.al.nacer.GRAMOS,2765,1,0.4
Peso.al.nacer.GRAMOS,2770,1,0.4
Peso.al.nacer.GRAMOS,2775,1,0.4
Peso.al.nacer.GRAMOS,2785,1,0.4
Peso.al.nacer.GRAMOS,2793,1,0.4
Peso.al.nacer.GRAMOS,2805,1,0.4
Peso.al.nacer.GRAMOS,2816,1,0.4
Peso.al.nacer.GRAMOS,2820,1,0.4
Peso.al.nacer.GRAMOS,2835,1,0.4
Peso.al.nacer.GRAMOS,2838,1,0.4
Peso.al.nacer.GRAMOS,2840,1,0.4
Peso.al.nacer.GRAMOS,2845,1,0.4
Peso.al.nacer.GRAMOS,2865,1,0.4
Peso.al.nacer.GRAMOS,2870,1,0.4
Peso.al.nacer.GRAMOS,2875,1,0.4
Peso.al.nacer.GRAMOS,2885,1,0.4
Peso.al.nacer.GRAMOS,2890,1,0.4
Peso.al.nacer.GRAMOS,2906,1,0.4
Peso.al.nacer.GRAMOS,2910,1,0.4
Peso.al.nacer.GRAMOS,2925,1,0.4
Peso.al.nacer.GRAMOS,2930,1,0.4
Peso.al.nacer.GRAMOS,2970,1,0.4
Peso.al.nacer.GRAMOS,2980,1,0.4
Peso.al.nacer.GRAMOS,3020,1,0.4
Peso.al.nacer.GRAMOS,3026,1,0.4
Peso.al.nacer.GRAMOS,3040,1,0.4
Peso.al.nacer.GRAMOS,3050,1,0.4
Peso.al.nacer.GRAMOS,3062,1,0.4
Peso.al.nacer.GRAMOS,3075,1,0.4
Peso.al.nacer.GRAMOS,3080,1,0.4
Peso.al.nacer.GRAMOS,3085,1,0.4
Peso.al.nacer.GRAMOS,3086,1,0.4
Peso.al.nacer.GRAMOS,3090,1,0.4
Peso.al.nacer.GRAMOS,3094,1,0.4
Peso.al.nacer.GRAMOS,3112,1,0.4
Peso.al.nacer.GRAMOS,3125,1,0.4
Peso.al.nacer.GRAMOS,3134,1,0.4
Peso.al.nacer.GRAMOS,3146,1,0.4
Peso.al.nacer.GRAMOS,3152,1,0.4
Peso.al.nacer.GRAMOS,3160,1,0.4
Peso.al.nacer.GRAMOS,3194,1,0.4
Peso.al.nacer.GRAMOS,3195,1,0.4
Peso.al.nacer.GRAMOS,3200,1,0.4
Peso.al.nacer.GRAMOS,3205,1,0.4
Peso.al.nacer.GRAMOS,3210,1,0.4
Peso.al.nacer.GRAMOS,3214,1,0.4
Peso.al.nacer.GRAMOS,3215,1,0.4
Peso.al.nacer.GRAMOS,3218,1,0.4
Peso.al.nacer.GRAMOS,3220,1,0.4
Peso.al.nacer.GRAMOS,3235,1,0.4
Peso.al.nacer.GRAMOS,3260,1,0.4
Peso.al.nacer.GRAMOS,3288,1,0.4
Peso.al.nacer.GRAMOS,3305,1,0.4
Peso.al.nacer.GRAMOS,3310,1,0.4
Peso.al.nacer.GRAMOS,3314,1,0.4
Peso.al.nacer.GRAMOS,3320,1,0.4
Peso.al.nacer.GRAMOS,3340,1,0.4
Peso.al.nacer.GRAMOS,3345,1,0.4
Peso.al.nacer.GRAMOS,3362,1,0.4
Peso.al.nacer.GRAMOS,3382,1,0.4
Peso.al.nacer.GRAMOS,3388,1,0.4
Peso.al.nacer.GRAMOS,3390,1,0.4
Peso.al.nacer.GRAMOS,3405,1,0.4
Peso.al.nacer.GRAMOS,3410,1,0.4
Peso.al.nacer.GRAMOS,3426,1,0.4
Peso.al.nacer.GRAMOS,3435,1,0.4
Peso.al.nacer.GRAMOS,3460,1,0.4
Peso.al.nacer.GRAMOS,3466,1,0.4
Peso.al.nacer.GRAMOS,3475,1,0.4
Peso.al.nacer.GRAMOS,3476,1,0.4
Peso.al.nacer.GRAMOS,3480,1,0.4
Peso.al.nacer.GRAMOS,3485,1,0.4
Peso.al.nacer.GRAMOS,3488,1,0.4
Peso.al.nacer.GRAMOS,3500,1,0.4
Peso.al.nacer.GRAMOS,3505,1,0.4
Peso.al.nacer.GRAMOS,3515,1,0.4
Peso.al.nacer.GRAMOS,3520,1,0.4
Peso.al.nacer.GRAMOS,3530,1,0.4
Peso.al.nacer.GRAMOS,3545,1,0.4
Peso.al.nacer.GRAMOS,3555,1,0.4
Peso.al.nacer.GRAMOS,3600,1,0.4
Peso.al.nacer.GRAMOS,3640,1,0.4
Peso.al.nacer.GRAMOS,3670,1,0.4
Peso.al.nacer.GRAMOS,3700,1,0.4
Peso.al.nacer.GRAMOS,3732,1,0.4
Peso.al.nacer.GRAMOS,3835,1,0.4
Peso.al.nacer.GRAMOS,3842,1,0.4
Peso.al.nacer.GRAMOS,3915,1,0.4
Peso.al.nacer.GRAMOS,3955,1,0.4
Peso.al.nacer.GRAMOS,3968,1,0.4
Peso.al.nacer.GRAMOS,4026,1,0.4
Peso.al.nacer.GRAMOS,4058,1,0.4
Peso.al.nacer.GRAMOS,4085,1,0.4
Peso.al.nacer.GRAMOS,4110,1,0.4
PESO.EG.CATEGORIA,adecuado,192,75.3
PESO.EG.CATEGORIA,pequeño,54,21.2
PESO.EG.CATEGORIA,grande,9,3.5
RCIU,0,206,80.8
RCIU,1,49,19.2
MACROSÓMICO,0,246,96.5
MACROSÓMICO,1,9,3.5
Peso..Edad.Gestacional.CODIGO,2,193,75.7
Peso..Edad.Gestacional.CODIGO,1,54,21.2
Peso..Edad.Gestacional.CODIGO,3,8,3.1
Peso.al.nacimiento.CODIGO,2,201,78.8
Peso.al.nacimiento.CODIGO,1,50,19.6
Peso.al.nacimiento.CODIGO,3,4,1.6
MASCULINO,0,132,51.8
MASCULINO,1,123,48.2
Alimento.al.alta,lactancia exclusiva,208,81.6
Alimento.al.alta,parcial,26,10.2
Alimento.al.alta,artificial,21,8.2
CONSEJERIA.LACTANCIA,1,142,55.7
CONSEJERIA.LACTANCIA,0,113,44.3
Defectos.congenitos.CODIGO,0,234,91.8
Defectos.congenitos.CODIGO,1,21,8.2
Defectos.congénitos.CIE,123,5,22.7
Defectos.congénitos.CIE,126,3,13.6
Defectos.congénitos.CIE,139,3,13.6
Defectos.congénitos.CIE,127,2,9.1
Defectos.congénitos.CIE,154,2,9.1
Defectos.congénitos.CIE,159,2,9.1
Defectos.congénitos.CIE,145,1,4.5
Defectos.congénitos.CIE,147,1,4.5
Defectos.congénitos.CIE,160,1,4.5
Defectos.congénitos.CIE,162,1,4.5
Defectos.congénitos.CIE,169,1,4.5
Tipos.de.defectos,hidrocefalia,4,19
Tipos.de.defectos,labio hendido,3,14.3
Tipos.de.defectos,hidronefrosis congénita,2,9.5
Tipos.de.defectos,Otras anomalias circulatorias y respiratorias,2,9.5
Tipos.de.defectos,otras malformaciones de SNC,2,9.5
Tipos.de.defectos,atresia duodenal,1,4.8
Tipos.de.defectos,espina bífida,1,4.8
Tipos.de.defectos,onfalocele,1,4.8
Tipos.de.defectos,otras anomalìas cromosòmicas,1,4.8
Tipos.de.defectos,otras anomalias tegumantarias,1,4.8
Tipos.de.defectos,sindactilia,1,4.8
Tipos.de.defectos,tetralogia de Fallot,1,4.8
Tipos.de.defectos,TRISOMIA 21,1,4.8
SISTEMA.AFECTADO,Sistema nervioso,7,35
SISTEMA.AFECTADO,CARDIOPULMONARES,3,15
SISTEMA.AFECTADO,Labio y paladar hendido,3,15
SISTEMA.AFECTADO,ANOMALIAS CROMOSOMICAS,2,10
SISTEMA.AFECTADO,MUSCULO-ESQUELETICAS,2,10
SISTEMA.AFECTADO,UROGENITAL,2,10
SISTEMA.AFECTADO,GASTROINTESTINAL,1,5
Egreso.RN,vivo,250,98
Egreso.RN,traslado,3,1.2
Egreso.RN,fallece,2,0.8
RN.vivo.CODIGO,1,249,98
RN.vivo.CODIGO,traslado,3,1.2
RN.vivo.CODIGO,0,2,0.8
MAMA.HIV,0,250,98
MAMA.HIV,1,5,2
BEBE.sifilis.congenita,1,255,100
BEBE.SEPSIS,0,244,95.7
BEBE.SEPSIS,1,11,4.3
BEBE.Hipoglicemia,0,250,98
BEBE.Hipoglicemia,1,5,2
BEBE.POLICITEMIA,0,247,96.9
BEBE.POLICITEMIA,1,8,3.1
BEBE.Ictericia,0,205,80.4
BEBE.Ictericia,1,50,19.6
BEBE.Dificultad.respiratoria,0,243,95.3
BEBE.Dificultad.respiratoria,1,12,4.7
BEBE.Trastorno.alimenticio,0,245,96.1
BEBE.Trastorno.alimenticio,1,10,3.9
TRASTORNOS.HIPERTENSIVOS.CATEGORIA,NINGUNO,225,88.9
TRASTORNOS.HIPERTENSIVOS.CATEGORIA,PREECLAMPSIA,24,9.5
TRASTORNOS.HIPERTENSIVOS.CATEGORIA,HTA inducida,4,1.6
LACTANCIA_EXCLUSIVA_SI_NO,1,208,81.6
LACTANCIA_EXCLUSIVA_SI_NO,0,47,18.4
